Headlines,Time
TikTok considers London and other locations for headquarters,Jul 18 2020
Disney cuts ad spending on Facebook amid growing boycott: WSJ,Jul 18 2020
"Trail of missing Wirecard executive leads to Belarus, Der Spiegel reports",Jul 18 2020
Twitter says attackers downloaded data from up to eight non-verified accounts,Jul 18 2020
U.S. Republicans seek liability protections as coronavirus aid battle looms,Jul 17 2020
Wall Street Week Ahead: Fund managers navigate 'Night of the Living Dead' in small caps,Jul 17 2020
Take Five: Hoping for that V-shape in earnings,Jul 17 2020
Evictions nearly back to pre-pandemic levels in some U.S. areas: Cleveland Fed study,Jul 17 2020
Google bans ads on coronavirus conspiracy theory content,Jul 17 2020
"Flight to suburbs boosts U.S. homebuilding, but COVID-19 surge erodes consumer sentiment",Jul 17 2020
Delta will avoid pilot furloughs if they agree to reduced minimum pay: memo,Jul 17 2020
S&P 500 ends higher as traders weigh stimulus and virus worries,Jul 17 2020
FTC considering deposing top Facebook executives in antitrust probe: WSJ,Jul 17 2020
Where did all the bulls go? Rallies stall as EU summit begins,Jul 17 2020
BlackRock profit beats Street estimates as markets rebound,Jul 17 2020
"Dollar falls, euro hovers at four-month high as EU negotiates rescue fund",Jul 17 2020
Boohoo tells UK Home Secretary it is probing charges of malpractice in supply chain,Jul 17 2020
"Exclusive: EU in talks with Moderna, BioNtech, CureVac to secure possible COVID vaccines",Jul 17 2020
"Former Pemex boss arrives back in Mexico for graft trial, enters hospital",Jul 17 2020
Twitter says about 130 accounts were targeted in cyber attack this week,Jul 17 2020
Senator asks Twitter about claim worker was paid to help with hack,Jul 17 2020
Treasury's Mnuchin open to blanket forgiveness for smaller business relief loans,Jul 17 2020
"On eve of bankruptcy, U.S. firms shower execs with bonuses",Jul 17 2020
Rival parties take aim at Germany's Scholz over Wirecard scandal,Jul 17 2020
"U.S. economy faces significant risks, long road to recovery: IMF staff",Jul 17 2020
Euro zone shares flat as EU recovery plan awaited; Ericsson soars,Jul 17 2020
Cohen's Point72 to open Warsaw office for some back office teams,Jul 17 2020
"In Utah, a debate stirs over Estonian radioactive waste",Jul 17 2020
End of the jumbo: British Airways retires 747 early due to coronavirus crisis,Jul 17 2020
"Fed opens 'Main Street' loan program to nonprofits, eases terms",Jul 17 2020
"As big U.S. banks let customers delay payments, loan losses remain unclear",Jul 17 2020
"UBS, Morgan Stanley expected to lead Vodafone Tower IPO: sources",Jul 17 2020
Exclusive: Thyssenkrupp to explore further options for boosting finances - memo,Jul 17 2020
Icelandair to sack cabin crew but keep flying after failed talks,Jul 17 2020
Economic recovery further away than markets think: BlackRock CEO Fink,Jul 17 2020
EasyJet pilots say they have no confidence in COO in union vote,Jul 17 2020
Exclusive: HSBC sheds top talent as global equities boss leaves - sources,Jul 17 2020
Lloyds Bank sets target to increase number of senior Black staff,Jul 17 2020
Wall Street analysts look past Netflix's weak subscriber forecast,Jul 17 2020
Exclusive: Pact to aid poor cocoa farmers in peril as COVID-19 hits demand,Jul 17 2020
Italy plans listing for Autostrade by early 2021: sources,Jul 17 2020
German abattoir scandal puts cooling systems under COVID spotlight,Jul 17 2020
Former Pemex boss Lozoya taken to hospital after arrival in Mexico,Jul 17 2020
Bored bank customers flock to day-trading platforms during pandemic,Jul 17 2020
Stripe wins business following Wirecard's collapse,Jul 17 2020
Indonesian tycoon Salim wins close shareholder vote on controversial $3 billion deal,Jul 17 2020
"EU regulators halt LSE, Refinitiv probe, await data",Jul 17 2020
Lyft to provide drivers with partition shields as coronavirus protection,Jul 17 2020
Deutsche Boerse proposes new rules for quick DAX expulsion in wake of Wirecard,Jul 17 2020
Daimler to stop building sedans in the U.S. after second-quarter loss,Jul 17 2020
Volkswagen expects single-digit sales decline in China this year,Jul 17 2020
"Coronavirus surge, renewed lockdowns fan fresh worries about global fuel demand",Jul 17 2020
"United Airlines, pilots union reach creative deal to limit furloughs",Jul 16 2020
"Netflix names content chief Ted Sarandos co-CEO, forecasts weaker growth",Jul 16 2020
Westpac says regulator-ordered report finds governance 'immature and reactive',Jul 16 2020
Twitter stepped up search to fill top security job ahead of hack,Jul 16 2020
"Before hack tore through Twitter, online forum offered accounts for sale",Jul 16 2020
Microsoft trims jobs as it enters new fiscal year,Jul 16 2020
New York to invest $750 million to expand electric-vehicle infrastructure,Jul 16 2020
California blames PG&E for Kincade wildfire in wine country,Jul 16 2020
"Jailed executive in Wirecard scandal offers confession, lawyer says",Jul 16 2020
U.S. judge approves transfer of jailed former VW executive to Germany,Jul 16 2020
"Wall Street ends lower on COVID-19 worries, tech weighs",Jul 16 2020
TUI to offer free coronavirus insurance to lure travellers: report,Jul 16 2020
"With shift toward merit-based pay, Japan's Hitachi to drop old ways",Jul 16 2020
Key U.S. lawmakers back unions' call for new airline bailout,Jul 16 2020
"Exclusive: U.S. FBI is leading an inquiry into the Twitter hack, sources say",Jul 16 2020
Twitter delays launch of new API software following hack,Jul 16 2020
Focus falls on bitcoin trail in race to identify Twitter hackers,Jul 16 2020
Senate Republican asks Twitter for urgent briefing on hacking incident,Jul 16 2020
"Trump will remain on Twitter, his account secure: White House",Jul 16 2020
FBI says it is investigating hack of high-profile Twitter accounts,Jul 16 2020
"Rising U.S. coronavirus cases slam stocks, push debt yields lower",Jul 16 2020
Virus surges. Work hours plateau. U.S. may be flattening the wrong curve,Jul 16 2020
"Rise in COVID-19 cases spurs risk-off move, dollar lifted",Jul 16 2020
"Negative U.S. rate bets persist, but seen unlikely to happen",Jul 16 2020
Fed's Evans signals little reason to raise rates for years,Jul 16 2020
"TikTok expected to operate as a U.S. company, White House adviser says",Jul 16 2020
Oil falls as OPEC+ plans to raise output while virus cases increase,Jul 16 2020
"Target, CVS, Walgreens to require customers wear masks at U.S. stores",Jul 16 2020
"U.S. Senator Warner asks for probe of hacks, better monitoring of high-risk accounts",Jul 16 2020
Rejected Bridgewater trade secrets claim started as a guess: ruling,Jul 16 2020
"Attorney General Barr accuses Hollywood, Big Tech of collaborating with China",Jul 16 2020
Top EU court ditches transatlantic data transfer deal,Jul 16 2020
Explainer: U.S. Congress readies $740 billion defense bill covering far more than bullets,Jul 16 2020
Investors sue Deutsche Bank and its CEO in wake of Epstein fine,Jul 16 2020
Morgan Stanley posts record profit on trading boom,Jul 16 2020
Twitter silences some top accounts after internal systems hacked,Jul 16 2020
Privacy activist Schrems welcomes EU court decision on Facebook,Jul 16 2020
Malaysian court grants temporary freeze on $340 million 1MDB money in UK,Jul 16 2020
"U.S. retail sales snap back; high unemployment, rising COVID-19 loom over recovery",Jul 16 2020
"American, JetBlue team up to boost New York flying and drive recovery",Jul 16 2020
"UK ban on Huawei opens door for competitors, although consumer may pick up tab",Jul 16 2020
Oil giants including Exxon set first joint carbon target,Jul 16 2020
"Twitter shares stumble after high-profile, unprecedented hack",Jul 16 2020
"Exclusive: J&J in talks with Japan, Gates Foundation to lock in deals on COVID-19 vaccine",Jul 16 2020
European stocks end off session lows ahead of EU summit,Jul 16 2020
Exclusive: Natixis plans shake-up to focus on greener lending,Jul 16 2020
NY Fed's Williams says low take-up of emergency lending facilities a sign of success,Jul 16 2020
